;Index;libellé index;1;2;3;4;5;6;7;8;9;10;11;12;13;14;15;16;17;18;19;2A;2B;21;22;23;24;25;26;27;28;29;30;31;32;33;34;35;36;37;38;39;40;41;42;43;44;45;46;47;48;49;50;51;52;53;54;55;56;57;58;59;60;61;62;63;64;65;66;67;68;69;70;71;72;73;74;75;76;77;78;79;80;81;82;83;84;85;86;87;88;89;90;91;92;93;94;95
1;1;Règlements de compte entre malfaireurs;0;0;0;0;0;1;0;0;0;0;1;0;28;0;0;0;0;0;0;1;1;1;0;0;0;2;0;0;0;0;0;0;0;1;8;0;0;0;6;0;0;1;2;0;1;0;0;0;0;0;0;0;0;0;0;0;0;0;0;1;2;0;1;0;0;0;0;2;0;2;0;0;0;0;0;5;0;2;0;0;0;0;0;2;0;0;0;0;0;0;0;0;0;4;0;2
2;2;Homicides pour voler et à l'occasion de vols;1;0;0;0;0;1;0;0;0;0;0;0;0;0;0;0;2;0;0;0;0;1;0;0;0;0;0;1;0;0;0;0;0;0;1;0;0;1;0;0;0;0;0;0;0;0;0;0;0;0;0;0;0;1;0;0;0;0;0;0;0;0;0;0;0;0;0;1;1;0;0;0;0;0;1;3;0;0;0;3;1;0;0;0;0;0;0;0;0;0;0;1;0;0;2;0
3;3;Homicides pour d'autres motifs;3;8;3;2;1;94;4;3;1;4;1;2;21;3;2;3;6;4;1;4;6;3;4;3;2;3;4;3;5;0;10;18;2;12;19;2;0;3;5;3;3;3;14;0;13;3;2;5;0;4;5;6;0;0;10;1;3;9;1;25;9;2;15;4;13;0;8;9;6;24;1;3;6;5;8;42;17;6;9;2;2;3;4;12;5;2;6;1;1;1;1;14;3;22;8;10
4;4;Tentatives d'homicides pour voler et à l'occasion de vols;0;0;0;0;0;0;0;1;0;0;2;0;4;0;0;0;1;0;0;1;0;0;0;1;0;1;0;1;1;0;0;0;0;3;3;0;0;0;5;0;0;0;0;0;2;0;0;0;0;3;0;0;0;0;0;1;0;1;0;4;0;0;0;0;0;1;0;0;2;1;0;0;2;0;1;13;3;2;3;0;1;0;0;3;0;0;0;0;0;1;0;2;2;2;7;1
5;5;Tentatives homicides pour d'autres motifs;14;18;8;5;5;46;6;22;1;10;9;2;137;4;0;7;9;1;3;7;14;6;12;14;5;25;19;16;23;19;16;60;1;36;32;13;2;9;35;5;3;5;23;2;30;15;0;5;0;12;4;4;4;3;35;0;11;17;6;90;22;5;36;17;7;10;26;21;32;64;8;15;13;22;16;162;19;51;40;8;12;3;6;43;19;9;12;4;15;4;3;47;46;92;94;74
6;6;Coups et blessures volontaires suivis de mort;1;0;1;0;0;6;2;0;1;1;3;0;3;1;0;0;2;0;0;2;0;0;3;0;0;0;4;0;5;5;2;1;0;2;1;3;0;3;1;0;1;2;2;0;2;0;0;1;0;1;1;0;2;1;2;0;0;1;0;9;1;2;2;3;3;0;2;5;0;4;1;1;2;0;1;8;4;4;0;0;0;0;0;4;0;2;2;0;2;0;1;7;2;9;3;1
7;7;Autres coups et blessures volontaires criminels ou correctionnels;1431;1934;861;488;420;4856;715;990;479;1258;1264;574;9072;2053;304;1052;1671;856;608;500;479;1398;1242;226;878;2035;1635;1915;1253;2202;2270;4553;329;5277;4515;2687;539;1474;3816;606;867;761;2223;454;3981;2201;323;941;139;1657;1101;2231;573;638;2548;550;1682;3053;475;11764;2745;732;6324;1503;1483;522;1844;3427;2310;7464;699;1392;1659;1158;1976;11041;4365;5015;4410;760;2086;809;673;4441;2017;1416;1060;887;922;1326;493;4461;5252;9222;5265;4776
8;8;Prises d'otages à l'occasion de vols;2;2;0;0;0;0;1;0;0;3;1;0;2;0;0;0;1;2;0;0;1;0;0;0;0;0;0;0;1;0;0;4;0;1;2;0;0;0;1;0;0;1;0;0;3;1;0;1;0;0;0;0;0;0;0;0;0;0;0;1;1;0;1;0;0;0;0;1;0;2;0;0;0;0;2;0;0;1;0;0;1;0;1;1;0;0;0;0;0;0;0;1;0;2;0;8
9;9;Prises d'otages dans un autre but;0;0;2;0;0;0;1;0;0;0;1;0;5;0;0;0;0;0;0;0;0;0;0;0;0;1;0;0;1;1;1;5;0;0;0;0;0;0;2;1;0;0;0;0;1;0;0;0;0;1;1;0;1;0;0;0;0;0;0;3;0;0;4;2;1;0;1;0;1;1;0;0;1;0;0;3;2;0;2;0;0;0;1;0;0;0;1;0;0;4;0;2;0;0;0;2
10;10;Sequestrations;19;33;10;9;2;88;4;12;3;20;21;10;203;21;3;25;22;15;6;6;14;15;11;4;11;36;30;24;22;18;36;73;4;64;75;36;5;22;82;5;2;3;54;10;65;39;2;18;0;28;14;58;12;4;23;3;15;48;7;274;38;10;107;24;16;6;40;61;52;162;9;17;31;12;39;254;57;91;104;9;39;14;8;51;33;20;22;9;10;16;8;124;117;262;146;131
11;11;Menaces ou chantages pour extorsion de fonds;89;60;29;33;16;290;26;41;21;80;47;51;642;82;18;47;68;63;24;24;27;77;51;6;38;130;97;111;70;100;96;286;19;266;238;132;22;99;244;36;35;48;113;24;251;169;17;42;9;92;37;93;30;41;119;37;82;157;18;451;154;37;216;95;71;22;81;214;172;484;32;91;109;76;110;1522;248;321;358;37;89;38;38;219;89;74;46;55;38;61;22;297;638;674;380;344
12;12;Menaces ou chantages dans un autre but;614;779;401;273;180;2363;266;504;194;545;549;306;5048;886;138;493;658;397;250;278;305;536;516;98;376;1106;855;736;678;823;1155;2335;150;2088;1904;1113;268;481;1920;314;410;456;1258;238;1615;1081;143;514;83;783;533;1171;300;359;1063;233;608;1472;225;4836;1194;394;2416;803;658;249;818;1976;1233;3275;313;621;828;490;888;4644;2126;2468;2415;326;992;373;240;1982;1026;569;474;328;342;647;275;2207;2648;4059;2513;2485
13;13;Atteintes à la dignité et à la personnalité;495;463;265;151;98;1214;170;340;130;348;256;162;1589;529;105;273;382;295;134;111;144;340;392;76;251;522;376;425;401;578;604;1034;87;1224;856;550;152;350;1166;240;255;259;620;179;812;533;97;221;44;418;214;507;171;152;553;162;373;819;170;2095;735;241;1203;425;375;129;368;1027;630;1464;198;361;422;275;587;2602;785;1018;1027;253;541;242;118;815;415;361;283;264;230;367;152;892;948;1131;779;694
14;14;Violations de domicile;84;92;48;34;23;473;40;44;22;81;95;34;545;97;27;50;88;71;38;33;28;62;111;16;64;92;102;85;68;168;147;273;19;327;210;122;29;95;128;28;48;54;141;26;216;114;15;57;10;67;55;117;26;39;73;22;89;111;37;495;157;44;275;83;83;28;107;177;115;321;20;60;79;83;117;632;179;252;207;51;91;38;42;295;121;79;52;43;34;57;20;234;289;630;318;225
15;15;Vols à main armée contre des établissements financiers;0;0;0;0;0;1;0;0;0;1;1;0;7;0;0;0;0;1;0;0;0;0;2;0;1;0;0;1;0;0;0;3;0;2;3;1;0;0;3;0;0;0;1;0;1;0;0;1;0;0;0;0;0;0;0;0;1;1;0;10;0;0;2;2;0;0;0;3;2;5;1;1;0;4;1;8;0;4;2;0;0;0;0;3;2;0;0;0;0;1;1;1;13;10;0;0
16;16;Vols à main armée contre des éts industriels ou commerciaux;13;9;10;3;3;18;4;3;1;6;11;0;98;7;1;6;10;6;2;4;2;6;8;1;0;27;10;5;4;11;8;19;0;23;16;5;3;2;39;1;1;5;14;0;28;7;2;3;0;18;6;9;2;1;5;1;4;22;1;68;19;4;24;6;3;4;7;9;2;65;3;7;5;10;12;73;24;81;17;4;4;7;0;20;10;1;3;11;2;9;3;41;42;93;101;52
17;17;Vols à main armée contre des entreprises de transports de fonds;0;0;0;0;0;0;0;0;0;0;0;0;3;0;0;0;0;0;0;0;0;0;0;0;0;0;0;0;0;0;0;0;0;0;0;0;0;0;0;0;0;0;0;0;1;1;0;0;0;0;0;0;0;0;0;0;0;0;0;1;0;0;0;0;0;0;0;1;0;2;0;0;0;0;0;1;1;2;1;0;0;1;0;0;0;0;0;0;0;0;0;0;0;3;2;0
18;18;Vols à main armée contre des particuliers à leur domicile;2;1;0;2;0;17;4;1;0;5;5;0;50;1;0;3;4;1;0;5;9;1;1;0;2;5;5;10;3;7;8;12;0;25;17;5;0;1;8;0;1;3;2;0;23;5;0;1;0;3;0;4;0;1;2;1;2;5;0;39;6;0;5;2;0;0;8;9;1;16;1;0;1;1;2;52;6;18;5;1;2;1;1;7;13;1;1;1;0;6;0;14;26;37;24;15
19;19;Autres vols à main armée;2;8;1;0;0;10;1;1;0;6;0;1;140;6;0;4;8;1;0;8;1;1;2;1;1;5;6;7;0;9;8;18;0;8;18;3;1;0;14;0;0;4;4;2;25;11;0;0;0;4;0;8;1;1;1;0;1;17;0;53;11;4;16;1;2;3;2;12;7;35;1;3;5;8;5;70;6;41;33;1;6;4;2;20;6;2;2;3;1;3;2;32;45;89;30;48
20;20;Vols avec armes blanches contre des établissements financiers,commerciaux ou industriels;2;7;2;2;0;7;5;2;0;6;2;2;23;1;0;1;6;1;0;0;1;4;0;0;1;8;6;4;1;8;6;11;0;10;5;4;0;4;22;4;1;2;7;1;14;8;0;3;0;5;2;5;1;0;4;0;3;11;4;37;14;1;16;4;3;0;5;4;7;41;2;7;8;2;9;37;11;27;16;1;4;1;1;11;8;2;2;0;5;2;2;18;26;39;27;21
21;21;Vols avec armes blanches contre des particuliers à leur domicile;3;4;0;0;1;15;1;1;0;3;4;1;29;3;0;3;1;1;2;1;0;1;5;0;4;5;1;5;5;4;8;13;1;11;7;4;1;6;15;0;1;5;4;1;11;9;0;2;0;4;0;1;1;0;6;0;3;6;1;48;11;3;16;1;4;3;4;9;4;19;1;0;5;1;3;49;10;12;5;3;4;2;1;6;7;5;1;0;2;1;1;16;10;29;23;12
22;22;Autres vols avec armes blanches;11;14;5;7;4;57;4;10;3;15;21;4;450;15;2;5;16;18;6;3;2;14;6;1;6;38;25;12;8;34;32;108;5;106;127;39;0;33;126;2;5;8;33;1;115;31;0;5;1;11;7;40;2;5;27;6;8;31;1;187;58;4;119;29;15;1;28;45;23;195;3;14;16;14;21;460;54;123;84;6;31;9;3;58;30;6;7;12;5;7;3;125;170;403;150;210
23;23;Vols violents sans arme contre des établissements financiers,commerciaux ou industriels;3;2;2;1;1;18;2;6;1;6;4;1;34;4;2;4;6;3;4;2;1;3;6;0;2;12;7;9;5;9;5;26;1;29;24;20;2;9;23;0;0;2;8;1;23;18;0;1;0;9;6;6;4;0;10;1;6;17;1;35;8;2;22;11;5;0;4;23;15;47;2;9;8;5;7;83;18;28;27;1;9;4;4;16;7;4;11;1;5;3;5;29;35;60;41;21
24;24;Vols violents sans arme contre des particuliers à leur domicile;14;15;6;3;0;41;6;14;6;10;13;2;90;15;3;10;17;17;8;1;2;11;10;3;9;8;8;13;4;16;25;35;4;40;43;22;2;14;32;9;8;11;16;6;36;29;6;9;0;20;4;14;8;3;18;9;14;18;8;138;22;9;54;20;9;10;13;19;16;39;4;5;18;9;15;86;35;35;24;15;12;13;11;27;20;14;7;10;9;11;5;53;49;95;44;41
25;25;Vols violents sans arme contre des femmes sur voie publique ou autre lieu public;66;90;48;36;19;898;30;39;12;94;110;28;2325;169;9;50;111;59;27;25;33;86;94;3;38;150;199;131;93;169;435;1257;21;659;1011;234;20;215;600;21;89;46;332;17;318;253;15;70;6;157;31;324;16;32;94;16;85;192;16;2137;334;22;424;119;112;49;315;233;152;1646;19;54;132;99;126;6521;590;1118;927;26;158;83;60;540;203;44;88;56;38;51;34;981;2330;5675;2077;2162
26;26;Vols violents sans arme contre d'autres victimes;101;118;54;63;29;1126;38;59;14;104;97;45;2566;237;15;88;171;82;29;29;17;138;134;5;55;223;226;151;102;362;354;1445;30;1068;986;477;26;295;576;34;118;95;372;24;743;351;14;75;5;245;51;346;25;51;163;28;152;300;45;2723;357;43;728;206;167;70;202;330;260;1912;17;80;234;151;174;6552;771;1249;1058;42;218;101;69;682;212;85;89;66;57;92;43;1317;2401;5119;1697;2234
27;27;Cambriolages de locaux d'habitations principales;2148;1426;926;464;228;5182;711;558;434;1079;1796;453;10764;1119;147;907;1904;987;395;219;195;1387;1056;164;938;1548;2198;1581;1007;1608;2939;9849;672;6280;5417;1660;411;1272;6954;481;796;944;3078;449;5629;2634;421;1698;72;1751;457;1899;450;443;1947;539;1662;3175;482;11095;2398;430;4399;2559;1615;666;1582;2153;1852;10056;499;1363;1175;1409;3140;9205;3889;5627;4737;728;1305;1506;1277;4098;2476;1016;894;938;955;809;312;5423;5290;7627;5965;4949
28;28;Cambriolages de résidences secondaires;211;154;132;145;110;1013;224;63;114;157;240;87;579;237;49;147;494;165;117;150;92;110;258;96;195;131;207;231;126;300;399;375;118;514;564;111;140;183;344;61;218;194;187;82;358;310;171;239;46;144;153;99;73;43;75;63;336;89;147;328;123;192;244;332;173;72;314;109;96;271;99;211;188;156;386;435;178;353;209;80;137;125;155;1009;245;264;161;135;146;238;38;168;163;154;139;112
29;29;Cambriolages de locaux industriels, commerciaux ou financiers;1031;485;364;256;177;689;423;305;225;618;370;392;1720;444;136;402;815;327;295;89;117;587;656;148;474;575;830;684;447;828;846;1487;469;2082;1214;1438;274;841;2145;377;357;372;965;176;2404;660;247;485;71;1149;459;863;209;353;599;203;1090;829;435;2710;912;419;1525;868;755;314;534;741;644;3060;279;680;685;642;1053;2432;1158;1126;837;554;645;400;579;1084;589;1015;538;385;374;620;144;654;879;728;711;708
30;30;Cambriolages d'autres lieux;481;508;214;137;219;1417;147;274;99;307;223;85;3545;524;73;289;586;298;133;79;76;572;245;73;203;596;410;535;234;507;553;1144;50;941;1248;747;127;669;2515;145;169;209;898;75;2079;680;78;329;18;562;215;704;129;117;549;136;434;807;224;3846;624;313;1783;694;443;128;285;710;648;5408;138;395;415;440;740;2111;1623;1496;1501;261;649;257;172;1497;592;372;281;262;352;235;194;1047;1325;1636;1218;950
31;31;Vols avec entrée par ruse en tous lieux;64;55;66;10;2;204;15;23;16;41;53;22;272;84;13;37;68;50;39;12;2;56;64;9;38;39;51;79;26;85;59;191;13;236;116;123;30;110;181;16;51;31;53;8;178;90;15;79;5;99;34;67;22;44;80;12;78;104;27;349;84;26;179;47;119;27;76;137;67;212;13;54;83;28;126;526;165;179;227;45;68;69;35;124;47;56;58;30;40;21;12;184;292;309;297;145
32;32;Vols à la tire;487;374;168;156;98;4716;207;256;143;378;572;178;5334;984;81;214;622;263;155;196;134;438;592;69;361;588;323;516;402;1123;911;5850;172;4003;3763;1658;168;1025;2134;156;607;346;1138;158;4762;790;117;470;29;774;331;756;82;309;986;66;802;1409;130;6836;1267;130;1702;737;1011;342;815;1297;834;3860;102;314;692;439;1035;26807;1741;3187;2973;197;561;382;262;2076;1058;460;394;494;169;330;93;2794;6695;8825;4438;3820
33;33;Vols à l'étalage;353;469;277;143;103;937;257;195;99;518;279;149;1992;835;92;254;512;223;193;57;42;458;471;78;392;708;444;409;325;816;517;1212;131;2305;871;730;217;490;772;294;259;232;936;151;1509;496;138;285;36;685;322;450;198;167;1466;188;410;927;143;1867;756;205;902;468;590;210;353;940;509;2983;177;479;417;330;627;3701;1188;1739;2001;315;442;237;202;784;482;365;410;364;381;281;189;1147;1890;2471;2219;1396
34;34;Vols de véhicules de transport avec frêt;1;1;1;0;0;2;0;2;0;1;0;0;15;0;0;1;3;0;0;0;0;0;3;0;2;1;2;1;3;2;1;2;0;2;5;0;1;0;9;0;1;1;1;0;3;5;2;2;0;0;0;1;1;1;5;0;1;6;1;11;4;0;12;1;0;0;3;6;4;27;0;0;0;0;3;10;3;19;5;0;0;0;0;7;2;1;0;0;0;0;0;17;4;15;6;26
35;35;Vols d'automobiles;986;839;336;255;160;1292;436;309;181;459;543;117;8038;490;66;349;830;419;134;181;218;499;304;39;294;574;1385;1016;510;520;1490;1808;85;2077;2041;729;190;627;2539;213;239;729;1268;142;2251;1131;142;239;28;737;254;1153;205;146;843;209;489;950;292;7165;3091;225;1813;1384;456;189;905;450;457;4593;230;515;584;599;853;2815;1776;4083;3529;258;894;340;405;1459;1252;505;307;230;336;654;139;4539;2635;5366;3476;4776
36;36;Vols de véhicules motorisés à 2 roues;345;276;198;113;84;2357;199;115;59;130;222;113;4009;327;22;213;598;179;89;217;167;359;332;26;219;252;410;329;187;468;579;1074;86;1504;1160;500;112;551;844;88;275;201;396;56;2120;439;90;219;17;571;174;385;58;95;341;67;447;428;142;1582;562;122;838;473;698;111;436;477;334;1535;76;309;417;262;686;5745;834;911;994;253;395;264;176;1801;449;393;276;213;137;207;58;837;2866;1556;1754;735
37;37;Vols à la roulotte;1720;1243;533;833;426;4352;1062;579;404;1019;1803;428;14581;1771;247;1241;2197;560;346;309;263;1270;1325;118;713;1363;2988;1725;1038;2356;3778;10901;490;7091;6013;2820;380;1500;6494;513;1433;947;2622;387;9705;2053;246;944;114;2164;624;1729;458;506;1496;344;1871;2671;326;16779;3417;462;5284;2026;2057;743;2401;1968;1791;12681;471;1038;1618;1563;2538;12431;4908;6764;5067;765;1701;1357;924;5033;3126;1921;1006;1056;742;876;366;5028;7836;11848;6974;6926
38;38;Vols d'accessoires sur véhicules à moteur immatriculés;970;783;359;243;130;1515;441;343;141;431;642;215;6278;728;85;387;1024;397;208;213;213;732;454;84;318;587;1210;933;559;833;1506;2410;198;2484;2349;1435;242;1148;2696;278;442;552;1222;158;3912;1184;135;290;42;1586;337;1151;307;425;876;246;1031;960;307;5504;2328;389;2241;822;569;301;939;608;504;3845;199;788;898;492;760;2312;2084;2961;3144;350;815;327;334;1587;1111;639;772;445;341;578;129;2929;2438;3328;2947;2637
39;39;Vols simples sur chantier;132;75;62;50;28;216;72;72;37;69;96;34;628;105;20;65;152;44;38;26;13;84;100;19;68;67;98;98;77;141;200;267;25;546;367;153;27;87;229;37;74;55;120;34;392;109;40;52;9;100;95;113;34;38;142;28;139;165;36;502;162;38;401;146;138;46;113;193;78;334;56;67;78;118;168;287;316;321;231;47;119;37;46;233;130;120;85;61;58;61;25;244;186;332;163;219
40;40;Vols simples sur exploitations agricoles;59;163;120;69;43;13;56;134;68;120;105;61;127;110;76;141;146;124;83;5;23;99;103;82;80;33;161;111;74;97;213;73;75;209;196;94;107;93;102;45;77;90;91;62;181;124;56;117;31;140;141;164;54;49;83;45;100;73;79;138;73;79;141;125;59;81;116;141;83;47;47;91;79;49;52;2;89;71;31;128;119;44;61;92;145;134;91;87;65;120;11;15;1;4;2;23
41;41;Autres vols simples contre des établissements publics ou privés;612;450;276;167;226;1089;211;234;135;346;415;252;2045;708;106;369;842;347;263;94;103;667;497;107;320;623;631;869;404;734;741;1559;178;1756;1316;964;209;761;1485;358;480;389;860;177;1556;913;126;365;77;709;367;663;211;274;878;176;679;814;220;2512;953;188;1403;588;602;257;596;960;648;2327;209;604;917;413;756;3645;1326;1837;1180;387;626;309;415;1174;867;560;482;396;411;647;241;943;2380;1253;1190;1053
42;42;Autres vols simples contre des particuliers dans deslocaux privés;1532;1312;894;558;500;4198;799;686;506;1077;1193;433;8188;1728;225;948;2465;865;546;388;372;1493;1427;238;1176;1521;1801;1412;961;2691;3012;4874;391;5939;6184;2772;509;1671;4090;612;1414;960;1991;483;5086;1945;381;1024;174;2134;1024;1538;465;623;1930;443;2123;2354;541;8231;2136;671;4008;1942;1880;594;1964;2569;1997;6742;567;1168;1576;1694;2744;9616;3701;3329;3846;993;1697;943;738;4237;2209;1735;1155;615;893;907;450;3662;5669;4876;3794;3434
43;43;Autres vols simples contre des particuliers dans des locaux ou lieux publics;1923;1525;997;757;816;9798;862;733;511;1046;1718;701;17464;2420;343;1194;3234;882;669;586;662;2072;2013;180;1030;1757;2235;1523;1176;3153;3655;8073;485;9929;9243;4702;465;2640;6479;664;1920;1009;2887;454;6827;2265;335;1015;183;2720;1080;1985;406;706;3053;452;2503;3011;536;9970;2441;590;4609;2015;2547;949;2994;5473;2789;18071;675;1500;1894;3303;3916;63527;4133;5554;8077;1029;1936;1311;778;6675;2448;2323;1429;1244;1041;1340;676;5762;17776;11681;11095;5903
44;44;Recels;314;255;142;64;63;779;115;115;60;273;177;72;1716;194;28;103;352;147;122;62;100;280;255;67;222;247;304;234;157;353;340;791;51;1123;988;467;141;195;1148;90;286;134;355;64;851;446;60;164;11;319;89;314;73;108;458;124;197;331;102;1785;841;163;852;302;326;104;350;531;350;1605;82;226;278;384;386;3977;561;892;829;167;264;145;126;483;309;240;227;151;120;301;76;730;860;2127;1270;1063
45;45;Proxénétisme;5;1;1;1;0;13;1;1;1;4;2;1;20;1;1;2;0;0;0;0;1;1;0;0;0;4;0;1;3;1;4;15;0;18;8;0;0;1;11;1;2;0;3;0;15;3;0;1;0;1;1;2;0;3;1;0;3;1;1;27;4;1;3;4;2;0;3;6;7;16;1;1;1;1;8;65;3;6;10;1;0;1;0;4;3;1;0;8;1;1;0;1;8;2;10;11
46;46;Viols sur des majeur(e)s;65;67;23;11;15;125;18;24;17;35;24;14;233;76;5;37;73;30;26;13;14;42;52;9;40;59;41;60;45;109;47;182;15;216;133;124;14;58;137;26;37;36;82;13;166;110;9;43;3;88;41;61;22;28;78;9;57;74;9;323;84;30;180;59;49;8;46;115;58;196;18;41;67;53;67;650;128;158;176;39;47;25;24;85;72;42;30;22;21;46;7;111;191;266;200;144
47;47;Viols sur des mineur(e)s;83;80;26;21;15;101;36;39;20;42;57;31;217;88;11;63;75;43;19;25;15;36;78;16;47;72;48;91;59;86;75;135;20;182;127;121;25;73;135;43;58;30;81;24;157;93;20;31;8;127;70;67;28;33;83;25;91;96;19;383;136;64;233;67;66;23;72;132;77;171;22;56;97;50;91;147;213;172;149;48;74;49;36;117;65;83;48;32;43;43;31;138;101;183;126;118
48;48;Harcèlements sexuels et autres agressions sexuelles contre des majeur(e)s;61;41;52;13;11;151;18;26;13;46;24;29;310;68;9;42;61;42;19;15;11;83;76;12;38;64;56;65;42;86;93;226;8;243;146;149;20;74;141;34;29;36;99;17;188;101;15;39;5;104;62;77;19;36;110;30;67;91;21;387;86;39;204;57;66;16;35;149;78;400;25;39;76;62;71;951;157;198;209;34;75;26;17;114;44;50;58;39;28;40;23;152;293;345;200;216
49;49;Harcèlements sexuels et autres agressions sexuelles contre des mineur(e)s;119;140;55;27;24;171;51;71;32;67;69;61;346;148;24;104;155;70;35;17;22;109;114;26;109;111;79;140;100;130;134;223;42;346;176;182;41;118;201;66;64;72;138;42;235;169;32;59;11;219;110;146;41;79;160;44;110;157;38;757;185;105;522;98;106;33;90;219;130;298;57;95;208;61;137;365;358;303;293;83;122;56;76;181;132;136;90;78;64;90;33;219;226;312;237;210
50;50;Atteintes sexuelles;75;126;54;27;15;252;47;83;22;68;88;39;357;147;18;54;113;45;43;18;26;105;115;20;72;81;100;90;101;176;123;222;24;438;232;191;40;103;186;50;62;53;113;24;246;162;22;57;11;159;90;121;52;48;136;34;112;157;44;663;169;68;392;86;96;22;100;236;121;323;67;65;119;74;122;598;256;277;215;59;117;61;35;207;116;135;61;61;55;66;23;237;258;272;223;207
51;51;Homicides commis contre enfants de moins de 15 ans;0;0;0;0;3;2;0;2;0;1;0;0;0;0;0;1;0;1;0;0;0;0;1;0;0;0;1;0;0;1;0;1;0;0;1;1;0;0;3;0;1;0;0;0;0;3;0;0;0;1;0;1;0;0;1;0;0;2;0;6;1;0;1;2;3;0;1;0;1;0;0;0;0;0;1;2;2;0;1;2;1;0;0;0;0;0;0;0;0;1;0;0;0;0;4;0
52;52;Violences, mauvais traitements et abandons d'enfants.;302;461;152;40;66;697;134;189;81;269;207;113;1312;333;60;182;259;134;79;53;57;298;237;40;114;423;305;380;305;324;345;729;50;816;545;417;123;253;668;117;134;210;489;89;769;592;53;137;20;456;197;506;101;135;542;110;246;615;97;2403;728;193;1988;225;218;81;245;784;534;1232;140;284;560;180;286;1182;900;1541;1001;152;400;181;113;736;293;295;230;184;193;319;122;894;963;1709;951;908
53;53;Délits au sujet de la garde des mineurs;298;384;191;106;63;492;232;208;83;245;238;131;864;420;57;204;346;154;101;45;87;282;268;33;219;269;322;351;262;399;417;708;76;1009;749;392;76;377;723;124;286;201;303;100;688;400;106;279;29;367;195;272;77;161;327;130;301;367;115;1219;443;153;809;345;235;104;402;438;331;816;178;240;322;229;438;393;511;556;476;177;420;217;117;640;350;351;220;135;211;199;63;435;387;319;342;493
54;54;Non versement de pension alimentaire;181;106;72;83;37;350;65;70;42;75;115;43;568;106;14;65;134;54;44;27;45;128;146;16;89;136;104;138;108;169;206;253;36;386;305;141;21;116;320;60;109;59;135;25;219;176;39;125;11;97;60;151;36;48;160;45;134;297;43;469;238;51;259;100;163;37;168;221;175;439;64;98;67;141;307;187;162;282;239;58;131;76;47;389;199;135;39;37;76;100;29;161;177;199;129;232
55;55;Trafic et revente sans usage de stupéfiants;53;39;18;23;4;183;22;25;6;40;35;18;646;49;5;16;37;7;8;7;9;62;26;4;26;74;35;29;60;38;57;132;7;79;84;103;6;19;96;16;64;7;32;12;94;46;3;12;0;51;17;46;15;15;93;18;31;162;7;456;59;2;83;21;74;15;122;96;73;165;18;20;12;46;146;1170;100;136;213;15;57;11;6;204;85;17;25;37;23;27;25;243;328;994;374;280
56;56;Usage-revente de stupéfiants;198;120;155;79;55;399;66;122;19;73;59;74;417;248;8;75;256;62;50;44;56;176;149;25;89;166;102;212;123;293;145;497;56;373;331;286;69;112;281;115;128;81;189;72;301;152;32;45;31;381;373;108;77;85;313;88;188;264;35;889;154;79;495;135;175;159;158;505;212;701;44;231;108;121;336;1739;308;479;373;67;167;210;38;366;299;163;144;66;101;206;76;368;392;1563;768;342
57;57;Usage de stupéfiants;1416;1078;924;695;584;3701;674;715;365;487;756;539;6605;1864;157;534;1710;814;590;387;370;987;860;124;500;984;1396;1514;867;1913;1467;3435;408;2644;3255;1629;478;1123;2594;524;847;687;1975;672;2962;1778;348;520;183;1229;739;1433;530;952;2651;567;932;2408;425;9994;1641;411;3681;897;1530;439;1021;2347;1365;6419;367;1207;1022;1072;2695;9349;3130;5668;7129;411;1561;543;265;3735;1766;1111;851;480;1117;1038;402;3800;3218;8401;4200;4935
58;58;Autres infractions à la législation sur les stupéfiants;105;54;7;7;2;44;12;46;8;46;9;6;387;49;3;15;38;8;2;1;4;19;13;6;55;27;42;30;9;55;57;21;1;259;164;29;6;66;83;9;146;7;10;21;62;14;8;2;5;27;24;8;7;45;10;9;25;51;4;35;29;5;37;66;12;9;32;198;7;25;18;19;20;42;183;53;113;16;11;21;18;44;1;75;13;13;41;34;54;22;2;203;4;11;5;142
59;59;Délits de débits de boissons et infraction à la règlementation sur l'alcool et le tabac;5;16;5;6;3;64;9;1;6;7;4;4;361;5;6;3;5;5;2;8;7;7;4;1;4;17;11;3;11;10;20;132;0;26;42;2;2;5;9;2;6;4;15;1;11;7;1;2;4;5;1;4;3;2;2;1;9;11;1;15;3;1;9;3;11;3;17;55;8;29;0;8;18;5;27;51;8;11;11;2;0;3;2;46;10;3;0;1;4;5;1;3;2;20;6;8
60;60;Fraudes alimentaires et infractions à l'hygiène;2;6;0;3;11;7;6;3;1;1;7;3;20;0;2;3;4;3;1;3;5;11;3;1;2;1;4;7;2;2;7;7;3;14;5;0;0;0;5;2;0;0;2;3;5;4;3;2;3;2;1;0;1;4;3;3;5;5;3;5;9;2;8;3;2;2;1;7;5;2;3;4;1;4;8;2;6;10;4;0;3;4;3;4;6;6;0;2;0;9;1;1;0;3;3;3
61;61;Autres délits contre santé publique et la réglementation des professions médicales;3;2;2;0;0;7;1;2;1;2;3;0;10;3;3;2;16;2;0;3;0;2;2;0;8;1;1;1;4;6;1;4;0;12;4;4;0;1;5;3;0;0;4;1;3;1;0;1;0;1;2;5;0;2;3;1;2;5;4;8;3;2;8;0;1;3;3;15;3;7;2;3;4;0;3;121;1;8;8;0;5;2;0;5;2;3;0;1;0;4;0;5;4;4;8;5
62;62;Incendies volontaires de biens publics;64;25;31;18;2;48;19;15;7;13;49;19;166;44;18;18;39;39;7;48;77;19;36;4;12;93;40;32;42;81;75;84;9;74;84;56;24;46;149;16;26;23;95;19;136;114;21;12;3;74;24;48;24;23;90;17;73;79;15;202;69;19;201;33;37;14;24;179;54;199;11;99;42;46;41;65;104;105;96;24;213;75;14;52;42;27;50;34;33;18;19;69;112;113;50;77
63;63;Incendies volontaires de biens privés;216;241;96;35;20;306;94;135;53;143;153;27;1028;209;15;130;155;174;50;124;200;198;84;14;77;362;270;189;151;281;371;614;26;373;339;182;75;259;1138;50;56;99;689;37;649;331;41;79;5;379;42;599;87;38;426;44;144;498;70;2149;578;79;1353;319;106;55;147;681;381;1272;72;187;220;218;199;354;823;816;619;62;420;158;97;319;309;87;114;129;95;128;73;551;588;1056;644;666
64;64;Attentats à l'explosif contre des biens publics;0;0;0;0;0;0;0;0;0;0;0;0;1;0;0;0;0;0;0;0;1;1;0;0;0;0;0;0;0;0;0;0;0;2;3;0;0;0;1;0;0;1;0;0;0;1;0;0;0;0;0;1;0;0;0;0;0;0;0;3;0;0;0;0;0;0;0;0;1;0;0;0;0;0;0;3;1;0;0;0;0;1;0;1;0;0;0;0;0;1;0;2;3;1;1;0
65;65;Attentats à l'explosif contre des biens privés;0;0;0;0;0;11;1;0;0;0;0;0;5;0;0;1;0;0;0;7;6;0;0;0;0;0;1;0;0;0;0;2;0;5;0;0;0;2;1;0;0;1;0;0;1;0;0;0;0;1;0;1;0;0;0;0;0;3;0;6;2;1;1;0;0;0;0;0;2;1;0;0;0;0;1;12;0;3;0;0;0;0;0;0;1;1;0;0;1;0;0;2;4;8;4;0
66;66;Autres destructions er dégradations de biens publics;302;228;161;91;125;362;220;254;116;167;197;131;736;368;85;158;379;228;102;55;81;357;309;58;183;453;367;215;377;632;318;722;70;793;520;617;140;342;774;130;281;202;505;89;1101;418;81;162;45;512;186;236;107;150;538;118;318;507;135;1481;540;148;760;457;306;117;277;749;417;1055;110;342;320;301;331;877;664;679;592;188;365;256;162;363;283;325;450;250;216;266;99;488;456;764;543;405
67;67;Autres destructions er dégradations de biens privés;483;587;355;191;101;2466;183;234;126;585;413;199;3141;1058;133;613;892;616;294;168;147;926;559;86;473;742;860;451;475;1490;964;2530;103;3120;2670;1667;156;1152;1565;148;357;363;1620;193;2072;900;87;386;35;1021;455;1325;142;209;1237;155;773;1829;227;5807;1028;338;2465;1186;607;346;683;1298;1049;3462;165;364;819;500;684;10322;2861;2512;2561;265;639;545;311;1307;805;556;539;228;358;366;215;1840;3859;5552;3303;1940
68;68;Destructions et dégradations de véhicules privés;608;674;341;158;82;1356;201;319;96;543;356;187;2817;1020;68;634;1199;260;129;462;512;639;494;77;512;629;490;436;385;1642;936;1716;167;1796;1651;1119;160;1178;2051;129;409;323;768;121;2040;678;72;265;39;938;534;1321;115;212;1055;111;880;2189;153;3835;1343;381;2350;890;758;421;735;1211;652;2834;134;470;653;336;611;2592;2743;2089;2434;216;386;253;301;1037;770;382;673;230;257;399;79;1068;2661;3258;2040;1515
69;69;Infractions aux conditions générales d'entrée et de séjour des étrangers;45;7;3;0;3;226;2;2;1;8;98;8;47;226;0;2;3;16;2;1;2;122;2;0;7;41;20;4;6;12;17;31;2;11;15;0;0;2;20;2;1;3;6;1;71;8;3;9;6;2;2;12;17;8;216;32;4;107;1;71;10;8;63;2;148;1;1271;93;25;44;2;2;6;197;18;39;91;37;49;13;12;3;1;83;38;1;40;2;3;14;3;56;73;86;16;172
70;70;Aide à l'entrée, à la circulation et au séjour des étrangers;113;5;2;1;34;211;0;1;1;7;40;3;106;35;1;0;2;4;2;37;35;25;1;1;3;41;13;7;2;4;47;77;0;53;93;42;0;8;26;0;1;1;3;1;50;32;1;0;0;2;30;13;1;2;89;2;2;125;1;239;38;7;526;13;61;0;119;55;27;52;0;0;15;160;40;80;66;60;68;1;11;3;0;47;55;3;2;40;0;5;0;73;4;25;18;332
71;71;Autres infractions à la police des étrangers;19;10;1;5;4;111;2;3;0;2;32;2;164;80;0;2;4;10;3;2;2;10;3;3;0;18;12;3;5;14;26;42;5;58;31;21;0;2;14;2;2;6;4;1;47;9;0;1;0;6;3;3;1;18;11;5;5;15;1;40;10;6;77;2;14;4;35;32;17;54;1;9;10;7;10;130;25;91;42;2;9;7;1;90;21;1;2;9;8;8;3;56;59;60;54;758
72;72;Outrages à dépositaires autorité;164;184;104;33;35;620;62;151;53;131;114;80;989;191;23;116;143;87;78;41;42;157;159;25;100;204;193;191;172;283;267;416;40;375;390;308;95;142;454;69;108;84;302;62;389;224;27;112;24;161;131;289;90;77;312;64;161;349;45;1025;254;155;571;119;160;62;178;521;369;913;40;152;192;150;240;1713;499;658;597;76;210;165;69;575;274;110;128;96;119;134;68;568;647;1154;630;600
73;73;Violences à dépositaires autorité;129;165;82;39;37;708;50;136;51;128;123;66;1255;210;27;95;176;81;76;40;35;165;134;27;83;220;203;237;178;275;284;542;40;488;525;358;85;154;525;54;79;103;307;51;575;300;29;97;20;200;119;310;68;76;316;63;189;380;48;1198;343;105;719;151;163;58;230;482;355;1240;56;161;173;157;226;3052;521;908;866;100;253;120;75;501;244;127;127;108;129;116;61;854;832;2101;912;885
74;74;Port ou détention armes prohibées;145;236;133;103;70;740;158;172;58;182;121;146;2032;460;46;121;251;148;83;149;160;292;110;20;122;323;395;218;162;309;357;748;48;509;757;322;75;113;870;116;80;119;259;76;616;232;41;67;18;337;91;380;102;59;577;124;193;460;90;1370;227;126;499;160;174;37;182;477;390;1171;118;214;217;167;368;2706;537;914;812;77;194;105;79;661;335;113;167;130;208;272;99;543;578;1196;767;784
75;75;Atteintes aux intérêts fondamentaux de la Nation;15;16;6;0;4;19;5;7;7;10;8;2;48;13;4;3;8;4;4;2;8;7;5;2;6;15;6;15;3;21;22;29;1;25;15;14;0;7;20;6;13;8;6;1;8;13;2;6;0;18;13;19;6;7;22;3;10;31;9;197;20;8;53;11;8;6;6;16;20;30;11;5;8;6;18;57;23;20;28;6;7;4;8;63;6;11;6;1;13;5;5;18;14;24;35;14
76;76;Délits des courses et des jeux;0;0;0;0;0;0;0;1;0;0;1;0;5;0;0;0;0;0;0;0;2;0;0;0;0;0;0;0;0;0;6;1;0;0;2;0;1;0;0;0;0;0;0;0;0;1;0;0;0;0;1;0;0;0;0;0;0;1;0;3;0;0;1;1;1;0;0;4;2;2;0;0;0;0;0;115;0;0;0;0;0;0;0;2;2;0;0;0;0;0;0;2;3;1;1;1
77;77;Délits interdiction de séjour et de paraître;4;8;1;1;1;19;3;0;3;4;1;1;13;11;0;8;0;0;0;0;1;5;7;0;1;18;8;3;3;11;4;6;0;3;13;18;0;1;1;2;0;0;6;0;10;6;3;2;0;1;6;6;2;0;9;0;18;7;1;16;8;4;9;6;0;0;3;11;12;36;2;3;1;0;15;95;13;44;13;1;0;0;0;16;1;6;2;2;1;5;0;29;37;122;23;10
78;78;Destructions, cruautés et autres délits envers les animaux;36;49;41;17;18;72;20;27;19;36;40;25;115;45;7;26;64;36;23;22;18;49;26;10;38;37;39;59;30;51;80;88;21;106;87;43;23;33;72;34;34;28;29;19;58;18;17;25;4;24;25;25;18;9;42;14;27;40;18;174;73;25;118;43;40;19;45;43;34;45;18;41;20;21;31;29;53;81;45;20;73;29;13;86;45;50;27;24;14;25;12;54;19;60;37;43
79;79;Atteintes à l'environnement;15;16;8;28;4;35;182;11;17;6;33;11;80;18;12;19;17;20;18;19;38;37;23;7;13;38;34;20;8;59;31;25;7;41;42;53;10;13;25;15;4;9;28;5;48;36;18;9;25;14;35;16;12;17;20;4;24;40;5;50;36;23;54;27;11;20;19;36;26;30;17;30;14;16;30;5;40;46;65;6;22;13;15;67;31;11;7;11;15;12;5;23;5;11;7;12
80;80;Chasse et pêche;0;5;1;1;3;15;0;1;1;3;24;1;104;32;0;0;63;1;1;23;19;1;56;0;2;2;2;5;2;301;16;1;0;22;22;76;2;2;1;2;9;4;0;0;52;0;3;1;0;1;72;0;0;2;0;0;147;4;0;10;4;0;39;3;13;0;4;2;1;1;2;0;2;1;2;0;66;3;0;0;12;2;0;39;2;74;1;3;2;2;0;0;0;1;0;1
81;81;Faux documents d'identité;75;10;13;2;22;173;4;2;5;4;37;4;132;57;1;2;8;9;4;12;7;32;26;1;9;46;10;9;6;15;62;85;1;110;93;73;18;18;55;1;6;17;18;6;87;101;0;6;3;15;65;16;4;9;33;3;8;119;2;209;73;4;821;33;89;0;162;102;52;253;2;9;17;206;68;333;73;208;203;10;34;6;3;46;59;11;7;54;0;14;6;133;94;151;114;522
82;82;Faux documents concernant la circulation des véhicules;42;29;11;9;9;66;13;17;15;8;22;10;120;44;2;10;18;20;7;2;10;45;15;1;16;45;15;30;21;17;28;76;10;136;34;76;17;28;45;14;19;14;35;6;77;82;5;16;1;37;25;15;9;17;40;3;16;112;12;100;55;11;71;28;19;9;38;89;87;145;9;24;21;42;57;193;75;103;188;22;14;14;12;50;30;25;20;24;7;26;11;140;41;172;72;180
83;83;Autres faux documents administratifs;61;49;30;24;11;88;15;21;15;42;35;11;170;47;9;26;50;20;22;13;28;33;48;5;31;34;37;47;23;49;74;173;11;145;101;70;19;47;78;14;27;34;50;17;81;71;8;25;5;53;34;27;11;18;49;9;35;72;19;142;113;20;83;57;43;17;70;108;52;159;14;35;47;47;110;153;80;89;92;25;32;29;19;129;51;30;26;31;16;27;5;101;60;110;87;122
84;84;Faux en écriture publique et authentique;9;8;5;2;2;19;3;7;1;2;3;3;29;5;1;6;9;0;3;10;4;4;3;1;5;2;6;7;2;2;8;18;3;24;16;9;3;6;16;3;9;2;8;3;9;14;5;3;0;5;2;5;1;7;3;6;5;22;7;33;8;5;21;8;5;2;15;26;5;20;3;6;7;4;16;16;23;21;24;7;4;11;2;14;8;4;10;8;4;22;0;69;14;19;11;12
85;85;Autres faux en écriture;78;82;39;16;23;191;22;32;25;44;40;24;322;167;12;31;85;45;33;29;30;67;61;17;51;63;84;92;54;76;114;176;20;228;172;105;24;67;147;30;61;31;96;21;137;112;12;36;10;56;34;73;27;32;94;10;60;122;24;283;115;22;159;87;53;27;84;188;65;272;39;60;73;51;115;222;141;198;186;38;66;34;40;215;89;56;40;46;39;45;13;168;136;124;141;133
86;86;Fausse monnaie;34;15;5;5;5;64;5;12;3;6;4;10;50;15;0;21;9;11;2;2;2;6;11;2;7;11;11;27;8;6;19;36;4;53;51;21;2;9;66;4;2;3;37;8;25;40;1;0;0;15;7;26;6;4;40;1;10;49;5;256;49;7;62;14;17;1;11;35;23;159;8;12;2;30;44;133;32;69;90;7;9;15;12;35;28;8;26;7;9;9;4;55;46;119;81;69
87;87;Contrefaçons et fraudes industrielles et commerciales;17;3;4;2;1;12;9;2;0;6;4;1;44;18;2;2;3;2;4;2;1;10;113;0;9;25;9;14;20;6;4;19;0;32;43;8;3;12;10;6;5;1;23;3;26;30;0;3;0;8;5;10;3;4;20;2;44;21;3;70;30;8;50;9;2;4;4;25;30;61;2;14;6;4;43;46;22;32;37;10;2;3;0;28;15;8;8;2;3;4;4;16;18;86;21;101
88;88;Contrefaçons littéraires et artistique;1;0;1;0;1;30;1;0;2;1;5;1;15;1;0;1;3;0;0;0;1;4;0;0;1;2;1;2;2;2;0;5;0;9;3;1;0;2;0;0;0;0;2;1;3;6;2;1;0;0;0;7;1;0;0;0;3;6;1;4;3;0;6;2;3;0;1;10;1;9;2;1;1;0;2;39;32;3;7;3;2;2;2;12;11;1;0;1;7;3;0;3;4;0;2;3
89;89;Falsification et usages de chèques volés;229;782;396;123;171;529;173;184;49;250;168;300;2937;373;143;289;770;170;129;100;272;557;389;42;337;549;204;509;200;737;500;1213;132;1152;509;761;242;369;554;176;258;328;531;163;954;1481;35;170;37;782;228;242;145;259;849;46;825;511;305;2309;578;202;1076;460;404;186;200;492;141;2157;94;514;381;220;617;10965;611;1948;1739;239;625;171;119;859;272;292;402;534;226;2272;20;689;6401;2887;1803;1178
90;90;Falsification et usages de cartes de crédit;175;174;167;70;56;1417;92;74;42;180;221;107;2785;354;25;274;287;131;97;31;21;317;348;46;124;244;271;205;139;666;493;1975;65;1062;1600;1132;62;372;895;78;188;137;463;26;1481;535;46;122;25;512;138;341;93;129;438;48;404;355;111;1973;488;85;800;422;339;119;211;402;326;3482;60;121;389;240;371;9420;1067;1110;1493;121;213;164;92;890;364;205;177;199;112;171;95;1226;3799;2435;2081;1163
91;91;Escroqueries et abus de confiance;1722;1392;1029;478;452;4789;867;698;501;1265;1281;708;6795;1916;414;1570;1665;1037;823;515;570;1557;1839;340;1274;1992;1653;1700;1383;2623;2077;5507;521;4908;4234;2602;620;1994;3737;752;1214;994;2398;556;3977;2447;457;947;164;2105;1112;1925;675;791;2632;476;2282;2539;582;7234;2470;778;3632;1928;1756;641;1514;3555;2070;6951;692;1769;1937;1326;2413;12129;3582;4528;5833;926;1476;910;778;4180;1984;1835;1376;976;791;1050;431;3519;6557;5377;4900;4250
92;92;Infractions à la législation sur les chèques;18;27;14;7;7;68;28;5;9;10;40;62;87;31;42;109;85;14;36;21;12;17;90;9;28;99;15;27;10;56;62;96;93;129;90;168;15;41;72;4;26;18;71;56;97;33;38;35;3;76;59;23;8;26;47;8;33;29;51;174;52;45;48;26;29;51;42;48;45;75;9;48;33;32;24;22;122;50;24;28;42;27;26;105;34;41;22;19;12;49;5;32;11;18;11;26
93;93;Travail clandestin;80;52;38;39;47;205;27;21;42;63;165;25;384;78;12;17;40;46;43;134;107;77;71;11;55;95;69;68;52;70;94;170;17;179;258;115;31;49;182;17;39;37;94;27;128;87;22;39;13;68;54;72;23;15;63;19;76;179;15;360;122;71;154;83;56;30;81;138;107;296;36;85;40;89;116;1298;131;262;426;16;56;46;34;230;180;51;41;65;46;46;13;224;85;331;213;632
94;94;Emploi d'étranger sans titre de travail;38;6;1;0;12;31;0;0;2;4;5;0;87;13;1;1;0;5;1;20;30;9;2;0;3;37;4;4;2;1;42;61;2;57;121;32;2;5;8;0;0;0;4;0;36;30;3;1;0;4;8;4;1;0;6;0;3;46;0;94;38;4;9;7;21;0;43;31;15;58;0;3;0;19;31;228;26;139;123;0;2;0;0;51;97;1;1;19;0;1;0;111;16;176;48;342
95;95;Marchandage - prêt de main d'oeuvre;1;0;0;0;0;5;0;1;1;0;0;1;6;1;0;0;0;0;0;1;3;0;1;0;2;1;0;0;0;0;0;6;0;1;4;2;1;1;0;0;0;0;3;0;5;3;0;1;0;1;0;0;0;0;0;0;0;0;0;5;0;0;3;2;1;0;1;2;1;1;0;2;1;4;1;10;0;1;6;0;0;4;0;4;2;0;0;1;1;0;1;3;0;1;10;11
96;96;Index non utilisé;0;0;0;0;0;0;0;0;0;0;0;0;0;0;0;0;0;0;0;0;0;0;0;0;0;0;0;0;0;0;0;0;0;0;0;0;0;0;0;0;0;0;0;0;0;0;0;0;0;0;0;0;0;0;0;0;0;0;0;0;0;0;0;0;0;0;0;0;0;0;0;0;0;0;0;0;0;0;0;0;0;0;0;0;0;0;0;0;0;0;0;0;0;0;0;0
97;97;Index non utilisé;0;0;0;0;0;0;0;0;0;0;0;0;0;0;0;0;0;0;0;0;0;0;0;0;0;0;0;0;0;0;0;0;0;0;0;0;0;0;0;0;0;0;0;0;0;0;0;0;0;0;0;0;0;0;0;0;0;0;0;0;0;0;0;0;0;0;0;0;0;0;0;0;0;0;0;0;0;0;0;0;0;0;0;0;0;0;0;0;0;0;0;0;0;0;0;0
98;98;Banqueroutes, abus de biens sociaux et autres délits de société;14;7;9;6;4;23;6;7;7;6;12;6;38;9;3;7;21;10;5;15;17;24;3;1;13;16;8;7;10;20;24;31;5;25;46;20;1;11;50;5;12;9;28;0;29;18;5;9;0;13;5;16;3;7;32;2;21;29;3;49;14;10;32;16;12;15;7;40;35;42;9;12;19;5;39;114;18;32;39;7;4;19;10;44;21;7;4;11;10;9;9;9;14;6;32;21
99;99;Index non utilisé;0;0;0;0;0;0;0;0;0;0;0;0;0;0;0;0;0;0;0;0;0;0;0;0;0;0;0;0;0;0;0;0;0;0;0;0;0;0;0;0;0;0;0;0;0;0;0;0;0;0;0;0;0;0;0;0;0;0;0;0;0;0;0;0;0;0;0;0;0;0;0;0;0;0;0;0;0;0;0;0;0;0;0;0;0;0;0;0;0;0;0;0;0;0;0;0
100;100;Index non utilisé;0;0;0;0;0;0;0;0;0;0;0;0;0;0;0;0;0;0;0;0;0;0;0;0;0;0;0;0;0;0;0;0;0;0;0;0;0;0;0;0;0;0;0;0;0;0;0;0;0;0;0;0;0;0;0;0;0;0;0;0;0;0;0;0;0;0;0;0;0;0;0;0;0;0;0;0;0;0;0;0;0;0;0;0;0;0;0;0;0;0;0;0;0;0;0;0
101;101;Prix illicittes, publicité fausse et infractions aux règles de la concurrence;3;10;3;1;4;16;3;3;6;2;6;4;12;14;1;4;9;1;4;7;5;5;16;6;13;8;5;3;7;16;10;28;3;31;15;19;1;11;16;6;4;3;19;5;18;12;2;7;2;6;13;2;5;6;5;4;9;16;4;17;21;4;23;6;5;2;8;38;7;20;7;17;6;6;22;23;14;18;21;7;10;6;7;16;12;10;6;2;9;2;2;13;10;4;13;5
102;102;Achats et ventes sans factures;1;1;2;0;0;2;1;1;1;1;1;1;8;1;1;0;1;1;0;1;1;1;6;1;3;5;1;1;0;3;1;7;0;5;0;3;3;1;5;2;1;1;6;2;1;0;5;0;0;2;0;0;0;2;2;2;1;4;1;6;4;3;8;2;0;0;6;8;1;0;0;1;1;1;4;6;3;1;3;2;1;2;0;4;4;0;3;3;1;1;0;1;3;2;2;0
103;103;Infractions à l'exercice d'une profession règlementée;14;7;13;4;5;35;3;6;3;3;8;6;68;3;2;4;5;5;3;5;5;11;6;6;14;8;14;12;5;16;6;22;3;26;25;8;2;2;29;4;2;9;18;3;23;5;1;14;0;7;9;7;1;7;16;0;11;16;2;68;18;8;23;8;8;4;5;38;20;55;3;13;12;16;24;446;18;30;36;4;14;8;8;31;17;4;7;10;8;7;0;11;29;23;26;38
104;104;Infractions au droit de l'urbanisme et de la construction;34;25;13;18;35;312;31;0;16;7;61;14;192;16;11;15;52;11;10;57;81;26;20;22;29;30;27;18;26;51;112;62;2;155;199;37;6;34;76;7;23;9;27;7;79;23;8;11;2;29;20;23;10;3;29;7;43;73;3;50;52;11;81;19;20;22;68;60;41;37;5;10;18;36;115;13;37;77;63;6;18;24;16;598;131;20;11;9;18;21;4;64;17;61;28;36
105;105;Fraudes fiscales;1;3;3;2;0;16;0;1;2;6;7;5;14;1;1;1;0;5;1;2;4;5;5;1;3;2;4;4;5;2;5;12;0;21;8;5;1;1;9;4;3;2;7;0;15;8;1;1;0;6;1;5;0;2;4;1;3;9;2;19;9;1;4;6;9;1;4;16;2;12;3;6;1;1;12;116;22;20;16;2;3;0;2;15;5;4;1;3;0;1;0;3;13;9;7;5
106;106;Autres délits économiques et financiers;12;19;17;3;2;172;2;7;7;7;11;3;279;18;4;13;11;1;3;13;15;13;8;0;11;28;18;24;24;21;28;90;2;117;146;17;0;12;34;7;11;4;43;13;32;22;2;1;2;11;8;24;8;8;9;2;11;23;4;158;29;5;101;17;21;7;17;78;30;438;0;15;8;11;40;3159;30;129;122;7;16;11;9;114;25;5;14;12;6;10;2;46;72;1619;214;168
107;107;Autres délits;870;930;497;257;240;2751;353;425;291;616;629;349;4932;1007;170;547;880;542;311;385;395;806;838;159;531;1004;730;941;813;1309;1174;2847;272;2595;2306;1505;294;753;1792;360;558;584;1238;317;2411;1291;228;510;116;1012;685;1005;371;413;1103;279;938;1385;321;5794;1707;391;3120;1001;890;298;763;1970;1216;3599;352;612;843;665;1196;8795;2172;2992;2860;498;1138;474;364;1917;989;794;645;479;435;617;262;2507;3310;4226;2678;2837